date,week,尖峰供電能力(MW),尖峰負載(MW)
20190101,1,26434.98440709617,23877.68440709617
20190102,2,30040.240740740737,28140.74074074074
20190103,3,30336.712781954884,28445.112781954886
20190104,4,30287.515094339622,28476.41509433962
20190105,5,27967.083561643834,26064.383561643837
20190106,6,26939.240084388184,24606.540084388183
20190107,0,30314.355467511887,28515.055467511887
20190108,1,30555.138006230525,28711.83800623053
20190109,2,30600.327565982403,28646.627565982402
20190110,3,30847.3,29000.0
20190111,4,30681.565137614678,28798.16513761468
20190112,5,28394.940248962652,25898.340248962653
20190113,6,27038.91551901336,24641.31551901336
20190114,0,30079.815584415584,28334.415584415583
20190115,1,30748.48871473354,28904.388714733544
20190116,2,30512.36589147287,28663.565891472866
20190117,3,30313.023054331865,28380.323054331868
20190118,4,29710.64892395983,27774.74892395983
20190119,5,28429.50975609756,26475.60975609756
20190120,6,27137.88791312559,24539.187913125592
20190121,0,29663.975362318837,27749.27536231884
20190122,1,30053.17159590044,28131.771595900438
20190123,2,29795.12183908046,27856.32183908046
20190124,3,29733.90714285714,27861.607142857145
20190125,4,29201.861604584527,27296.561604584527
20190126,5,27808.08045862413,25273.18045862413
20190127,6,26497.667677946323,24406.067677946325
20190128,0,29373.638931297715,27567.93893129771
20190129,1,29678.804559270517,27846.504559270517
20190130,2,29565.83496932515,27756.134969325154
20190131,3,29078.089208633093,27188.48920863309
20190201,4,26866.066743383202,24718.066743383202
20190202,5,25625.477453027142,23385.17745302714
20190203,6,24965.084139482566,22926.884139482565
20190204,0,22775.045110410098,20212.145110410096
20190205,1,22325.38791773779,19992.28791773779
20190206,2,22254.288841201713,19932.188841201718
20190207,3,23053.52206759443,20946.322067594432
20190208,4,24698.00658350658,21583.506583506583
20190209,5,25566.41516452074,22430.615164520743
20190210,6,26262.44688700999,23239.046887009994
20190211,0,28948.119109026964,26672.919109026967
20190212,1,29621.194029850743,27761.194029850747
20190213,2,29626.911577424027,27712.011577424022
20190214,3,30192.046511627905,28248.54651162791
20190215,4,30239.74227994228,28279.942279942283
20190216,5,27861.510482180296,25435.010482180296
20190217,6,27019.28378870674,24346.08378870674
20190218,0,30408.954471544712,28647.154471544713
20190219,1,30770.9893129771,28879.3893129771
20190220,2,30920.27848101266,29082.278481012658
20190221,3,30719.996012759177,28907.496012759173
20190222,4,30291.0726443769,28420.9726443769
20190223,5,28444.11051004637,26715.61051004637
20190224,6,26456.192468619247,24686.192468619247
20190225,0,29859.56923076923,28105.76923076923
20190226,1,30217.600000000002,28400.0
20190227,2,29926.36406480118,28023.56406480118
20190228,3,27903.99454926625,25473.79454926625
20190301,4,27071.199999999997,24700.0
20190302,5,26562.59446693657,24730.09446693657
20190303,6,26322.891549295775,24098.591549295772
20190304,0,29591.868421052633,27697.368421052633
20190305,1,30186.35895953757,28232.658959537574
20190306,2,29944.165889212825,28021.865889212826
20190307,3,29995.71204819277,28128.012048192773
20190308,4,29756.100000000002,27940.0
20190309,5,28065.171782762693,25873.67178276269
20190310,6,26627.18163265306,24804.081632653062
20190311,0,29518.684080370946,27724.884080370943
20190312,1,29801.934026745912,27922.73402674591
20190313,2,30071.941142020496,28149.341142020498
20190314,3,30212.807348242815,28432.907348242814
20190315,4,29675.16258992806,27746.762589928057
20190316,5,27830.057788944723,25311.557788944727
20190317,6,26969.079310344827,24678.87931034483
20190318,0,30108.896445880455,28353.79644588045
20190319,1,30681.6,28876.8
20190320,2,31485.17909967846,29641.479099678458
20190321,3,32326.867901234567,30359.567901234564
20190322,4,31976.64303797468,29635.44303797468
20190323,5,27347.230303030305,25263.030303030304
20190324,6,26683.0650200267,24823.7650200267
20190325,0,30398.054545454543,28545.454545454544
20190326,1,30645.746341463415,28759.146341463416
20190327,2,31089.962745098037,29156.86274509804
20190328,3,31971.491255961842,30079.491255961842
20190329,4,31742.261271676303,29687.861271676302
20190330,5,27971.16886227545,25815.56886227545
20190331,6,26765.018636847708,24467.518636847708
20190401,0,29779.927849927848,27849.92784992785
20190402,1,30291.696296296293,28376.296296296296
20190403,2,30377.14678624813,28472.34678624813
20190404,3,27994.305263157894,25654.605263157897
20190405,4,26410.963171690695,24538.663171690696
20190406,5,26658.077448071217,24974.777448071214
20190407,6,27033.681818181823,25255.68181818182
20190408,0,32358.088888888888,30388.888888888887
20190409,1,33483.76420545746,31520.06420545746
20190410,2,33872.40397643593,31718.703976435936
20190411,3,32602.929074889867,30524.22907488987
20190412,4,31049.35467625899,29031.654676258993
20190413,5,28188.027927927924,26427.92792792793
20190414,6,28058.91313131313,25531.31313131313
20190415,0,30730.049493487695,28743.849493487698
20190416,1,30892.75595054096,29015.45595054096
20190417,2,31628.44357864358,29578.64357864358
20190418,3,32359.560606060608,30356.060606060608
20190419,4,32689.230769230766,30769.23076923077
20190420,5,28775.78080229226,26898.28080229226
20190421,6,28590.906178489706,26292.906178489702
20190422,0,33935.50769230769,31942.30769230769
20190423,1,35191.70278232406,33165.302782324055
20190424,2,35277.18637873754,33274.08637873754
20190425,3,35425.73473227207,33136.03473227207
20190426,4,34937.050798258344,32685.050798258348
20190427,5,29375.268131868135,27381.86813186813
20190428,6,28674.98452012384,26934.98452012384
20190429,0,35063.89747399703,32852.89747399703
20190430,1,35303.41437125749,33092.81437125749
20190501,2,29922.54137033825,26829.14137033825
20190502,3,31377.017647058827,28694.117647058825
20190503,4,31634.63116994022,28318.53116994022
20190504,5,28940.392052980133,25821.192052980132
20190505,6,27596.973033707865,25341.573033707864
20190506,0,31025.62857142857,28621.42857142857
20190507,1,31091.532751091698,28482.532751091698
20190508,2,31092.23870094723,28952.638700947227
20190509,3,31436.87067371202,29224.57067371202
20190510,4,32180.86235827664,29572.56235827664
20190511,5,29425.566073102156,26588.566073102156
20190512,6,29186.705865102635,26478.005865102637
20190513,0,34457.33616133519,32146.036161335185
20190514,1,35267.55847589425,33136.858475894245
20190515,2,35145.07080291971,32891.970802919706
20190516,3,35744.128767123286,33312.32876712329
20190517,4,34859.75177664975,32313.45177664975
20190518,5,32103.728473804105,29512.5284738041
20190519,6,31102.276839237056,28975.476839237057
20190520,0,35563.85437921078,32216.55437921078
20190521,1,33858.77262914418,29971.472629144177
20190522,2,34696.028060886834,30141.628060886833
20190523,3,35147.54651162791,30436.046511627905
20190524,4,35126.432833186234,31551.63283318623
20190525,5,31789.00572226099,27804.605722260992
20190526,6,31684.47083946981,27896.170839469807
20190527,0,35228.73653846153,32522.83653846154
20190528,1,35410.3986775178,32241.098677517803
20190529,2,36217.52833675565,30312.628336755646
20190530,3,36477.294117647056,32110.29411764706
20190531,4,37491.125273922575,32976.625273922575
20190601,5,32897.70349750179,28855.103497501786
20190602,6,32482.08085782367,28849.88085782367
20190603,0,37487.950362844706,32947.7503628447
20190604,1,36947.995723449756,32401.995723449752
20190605,2,37943.14141414141,33914.14141414141
20190606,3,38665.70599078341,34881.10599078341
20190607,4,34770.37493606138,30067.77493606138
20190608,5,32862.578571428574,29552.678571428572
20190609,6,33496.14466858789,29413.544668587896
20190610,0,37511.64086886565,33364.44086886565
20190611,1,36347.559756097566,32131.85975609756
20190612,2,36520.85545350171,31102.75545350172
20190613,3,35277.30335097002,31684.303350970018
20190614,4,35781.20441640379,30885.804416403786
20190615,5,33123.43229750382,27688.232297503822
20190616,6,32636.288901282765,27674.288901282765
20190617,0,37470.361056401074,33705.46105640107
20190618,1,37977.48230277185,34720.68230277185
20190619,2,39268.78977604674,35611.48977604674
20190620,3,39652.31456310679,35949.51456310679
20190621,4,39997.453521126765,35917.25352112676
20190622,5,35111.67121771217,30921.771217712176
20190623,6,33048.79260143198,28304.892601431977
20190624,0,37111.15822118198,31694.55822118198
20190625,1,36790.51515151515,33276.51515151515
20190626,2,36931.93288108539,32819.632881085396
20190627,3,37630.3282051282,33455.1282051282
20190628,4,38542.990196078434,34975.490196078434
20190629,5,34151.41832061069,30549.61832061069
20190630,6,33525.514173228345,30086.614173228347
20190701,0,38850.38527131783,35216.08527131783
20190702,1,39940.11213208902,35056.712132089015
20190703,2,38702.18571428572,33949.28571428572
20190704,3,39050.9154221912,34156.315422191205
20190705,4,39562.6336492891,33848.9336492891
20190706,5,34443.319079837616,30008.11907983762
20190707,6,34286.79277275886,29973.59277275886
20190708,0,39615.02099447514,35160.22099447514
20190709,1,39057.12227805695,34891.12227805695
20190710,2,39162.96334841629,35266.06334841629
20190711,3,38718.65990016639,34564.059900166394
20190712,4,39958.844736842104,35626.64473684211
20190713,5,36487.803416717514,31349.603416717513
20190714,6,34187.6742640076,30930.6742640076
20190715,0,39896.022333001,36259.222333001
20190716,1,40152.88052691866,36928.98052691867
20190717,2,41165.333333333336,37395.833333333336
20190718,3,39991.571830985915,35911.971830985916
20190719,4,39997.41809598741,35487.01809598741
20190720,5,36834.05273264401,30615.95273264402
20190721,6,35001.48791208792,29612.087912087914
20190722,0,40241.23473053893,34482.63473053892
20190723,1,39758.65785609398,34992.65785609398
20190724,2,40613.06497175142,35575.56497175141
20190725,3,40602.740806826994,35966.640806826996
20190726,4,40424.11040299907,36526.710402999066
20190727,5,36555.09007589025,31208.99007589025
20190728,6,35365.07140633109,29651.271406331085
20190729,0,40474.70252707582,35550.902527075814
20190730,1,40703.636936936935,36636.93693693694
20190731,2,40538.276801579465,36809.47680157946
20190801,3,40523.146931407944,36481.046931407946
20190802,4,40799.80454545454,35764.204545454544
20190803,5,36923.65433403806,31049.154334038052
20190804,6,35157.10147783251,31339.901477832515
20190805,0,40635.17663551402,36707.476635514024
20190806,1,41163.92990083906,36392.82990083905
20190807,2,40795.25259938838,36076.45259938838
20190808,3,40654.442087542084,36337.54208754208
20190809,4,37713.76387665198,30736.563876651984
20190810,5,36050.138842975204,31479.33884297521
20190811,6,35248.67270029673,31061.572700296736
20190812,0,40275.83809523808,34482.73809523809
20190813,1,38647.24978601997,33895.149786019974
20190814,2,40159.326642984015,36095.02664298401
20190815,3,40630.320280474654,34275.62028047465
20190816,4,40435.18328595793,34386.58328595793
20190817,5,37083.69803383631,30428.898033836304
20190818,6,34755.58253376804,28612.48253376805
20190819,0,39326.90439276485,32950.90439276485
20190820,1,39598.911908559276,33329.61190855928
20190821,2,39971.99269692227,33541.99269692227
20190822,3,39809.171573604064,34984.77157360406
20190823,4,40016.01444043322,35148.01444043322
20190824,5,35966.2471933472,28993.347193347192
20190825,6,34451.61507430997,28989.915074309978
20190826,0,40411.68421741978,35058.28421741978
20190827,1,40291.39301972686,35599.39301972686
20190828,2,40613.971364852805,36520.07136485281
20190829,3,40432.68161434977,36376.68161434978
20190830,4,40234.905425400735,34619.60542540074
20190831,5,35403.95975321336,30636.86375321337
20190901,6,34619.120761451515,29637.12076145152
20190902,0,39979.73993855607,35374.03993855607
20190903,1,40044.64829721362,35462.84829721362
20190904,2,39143.83105164904,33724.33105164904
20190905,3,39149.59943374858,33273.499433748584
20190906,4,39278.2785474109,34193.6785474109
20190907,5,34976.04554394591,30081.74554394591
20190908,6,33242.58905058905,29050.589050589053
20190909,0,39316.16315789474,34355.26315789474
20190910,1,38804.10618212197,34655.80618212197
20190911,2,39904.92972972973,35329.729729729734
20190912,3,39880.835365853665,35255.33536585366
20190913,4,34203.51534713763,29379.415347137634
20190914,5,33062.77129810828,28667.971298108285
20190915,6,33575.80633176348,28188.906331763475
20190916,0,39257.21180364038,33232.21180364038
20190917,1,38932.728957528954,32957.52895752896
20190918,2,38471.01492216855,32429.414922168547
20190919,3,38398.327422303475,31505.027422303476
20190920,4,36941.54985535197,30595.94985535198
20190921,5,32071.78882602546,26459.68882602546
20190922,6,31258.16425166826,25837.464251668254
20190923,0,36573.64615384615,29953.846153846152
20190924,1,36716.64595086442,30100.54595086442
20190925,2,36394.18107084911,30714.98107084911
20190926,3,36820.89427312776,31161.894273127753
20190927,4,37494.05025025025,31250.25025025025
20190928,5,33013.546488682536,28161.34648868253
20190929,6,32242.30809061489,27927.508090614887
20190930,0,36163.12911392405,28506.32911392405
20191001,1,36443.471830985916,31911.971830985916
20191002,2,37382.15555555555,33305.555555555555
20191003,3,37500.2203539823,33692.9203539823
20191004,4,38087.674409748666,33667.174409748666
20191005,5,37001.356045519206,32440.256045519203
20191006,6,31815.827218934915,28026.62721893491
20191007,0,36580.43037300178,32878.33037300178
20191008,1,37289.025813777436,32937.92581377744
20191009,2,37052.386166551965,32351.686166551965
20191010,3,32218.0,27812.5
20191011,4,31667.0607748184,27177.360774818404
20191012,5,31699.83064241046,26957.93064241046
20191013,6,31802.102912621358,26369.902912621357
20191014,0,35984.40388349514,30893.203883495145
20191015,1,35607.20888355342,30522.20888355342
20191016,2,34306.217808219175,30321.917808219176
20191017,3,34767.211989459815,30185.111989459816
20191018,4,34985.65872020075,30175.658720200754
20191019,5,31223.823081170623,26436.223081170625
20191020,6,29648.981278538813,25228.881278538815
20191021,0,33485.593369788105,29211.893369788104
20191022,1,33842.494470774094,30039.49447077409
20191023,2,34058.54743589743,30279.647435897434
20191024,3,34169.72900158479,30340.729001584787
20191025,4,34257.32743233358,30137.527432333576
20191026,5,29610.047008547008,26508.54700854701
20191027,6,28479.977094972062,25717.877094972067
20191028,0,34249.12131147541,30196.72131147541
20191029,1,34245.211553273424,29629.011553273427
20191030,2,33371.53468395462,29705.83468395462
20191031,3,33710.60082644628,30071.900826446283
20191101,4,34259.3037037037,30328.7037037037
20191102,5,30083.338339920952,26705.138339920948
20191103,6,29157.044093303237,25736.644093303235
20191104,0,32638.57702702703,29183.277027027027
20191105,1,33006.09332816136,29237.393328161364
20191106,2,32774.73802816902,29431.338028169015
20191107,3,33363.481136543014,29611.681136543015
20191108,4,33643.858536585365,28903.658536585368
20191109,5,29613.0312849162,25903.631284916202
20191110,6,27750.911409942957,24718.011409942952
20191111,0,32233.984126984127,28626.984126984127
20191112,1,32889.616150081565,29297.716150081567
20191113,2,32657.4512455516,29357.651245551602
20191114,3,32781.69090909091,28959.09090909091
20191115,4,31923.20273972603,28772.60273972603
20191116,5,29277.12461287694,26077.424612876937
20191117,6,27954.048677766896,25364.348677766895
20191118,0,32351.671814671812,29314.671814671816
20191119,1,32084.270025839796,28746.770025839796
20191120,2,32271.4055315471,28924.805531547103
20191121,3,32511.07093596059,29515.27093596059
20191122,4,32484.11053677932,29514.910536779324
20191123,5,29477.700198807157,26783.300198807156
20191124,6,28772.297273456297,25582.197273456295
20191125,0,32301.503952569175,29333.00395256917
20191126,1,32590.89876215738,29279.398762157383
20191127,2,32883.356578947365,29318.256578947367
20191128,3,32023.32092050209,28605.020920502095
20191129,4,31872.25928547439,28480.260285474393
20191130,5,28848.294664371773,25845.094664371776
20191201,6,28261.013125453228,24836.11312545323
20191202,0,31402.074414850682,27940.274414850686
20191203,1,31300.134048257372,28150.134048257372
20191204,2,31530.4119402985,28477.611940298506
20191205,3,31727.25337132004,28704.65337132004
20191206,4,31985.848117154812,28571.548117154813
20191207,5,28729.629385574353,25829.029385574355
20191208,6,27708.431323283083,24752.931323283083
20191209,0,31413.126760563384,28208.62676056338
20191210,1,31592.85461121157,28446.654611211572
20191211,2,31591.48439716312,28389.18439716312
20191212,3,31408.774407582932,28411.374407582938
20191213,4,31512.31294964029,28358.81294964029
20191214,5,28711.818950930625,25676.818950930625
20191215,6,27525.932513181015,24713.532513181017
20191216,0,31897.299525166196,28858.499525166193
20191217,1,32419.06416131989,29230.06416131989
20191218,2,32341.484539767654,29086.68453976765
20191219,3,32064.229543336438,28957.12954333644
20191220,4,31720.023614895552,28574.02361489555
20191221,5,29155.26969130028,26339.569691300283
20191222,6,27858.717367458878,25111.517367458866
20191223,0,32105.5452031115,28776.145203111493
20191224,1,32288.70035335689,29005.300353356888
20191225,2,32572.565060240966,28966.265060240967
20191226,3,32209.06131322094,28946.76131322094
20191227,4,31083.291304347826,27877.391304347828
20191228,5,28510.909332260657,25358.809332260662
20191229,6,27898.075862068967,24998.275862068967
20191230,0,31129.542920747997,27986.642920747996
20191231,1,30461.273239436625,27353.87323943662
20200101,2,28130.599455040872,25340.599455040872
20200102,3,31315.04711274061,28234.647112740604
20200103,4,31669.88929765886,28286.78929765886
20200104,5,29225.221815622797,25589.0218156228
20200105,6,27462.16323529412,24767.463235294115
20200106,0,31642.030732635583,28632.730732635584
20200107,1,32248.500938967136,29144.600938967134
20200108,2,31791.445895851724,28556.04589585172
20200109,3,31858.82293577982,28727.522935779816
20200110,4,31780.065284974095,28481.865284974094
20200111,5,29186.526315789473,25335.526315789473
20200112,6,27936.459163987136,24845.65916398714
20200113,0,31802.89800362976,28646.098003629766
20200114,1,32207.136708860762,28794.93670886076
20200115,2,31819.649370277075,28433.249370277077
20200116,3,31708.160840496657,28702.960840496657
20200117,4,31585.867164179104,28186.567164179105
20200118,5,29227.05676567657,26067.65676567657
20200119,6,28653.40660592255,25318.90660592255
20200120,0,31154.101757469245,27971.001757469243
20200121,1,30784.337837837833,27525.337837837837
20200122,2,29626.435099337752,25739.735099337748
20200123,3,26879.13462350457,23534.834623504572
20200124,4,25022.170253555963,21539.270253555966
20200125,5,24578.735050325635,21027.235050325635
20200126,6,24709.964127174564,21179.364127174562
20200127,0,25415.606096131305,21711.6060961313
20200128,1,26470.713991255463,22817.613991255464
20200129,2,27295.7116194626,23992.0116194626
20200130,3,29325.12676056338,26333.62676056338
20200131,4,30082.48569157393,26720.985691573926
20200201,5,29105.8652624757,25215.165262475697
20200202,6,28054.786631016046,24807.486631016043
20200203,0,32052.04829001368,27963.748290013682
20200204,1,31739.15383290267,28437.55383290267
20200205,2,32033.8704598597,28391.270459859705
20200206,3,31831.155319148937,28484.255319148935
20200207,4,32049.48228228228,28282.28228228228
20200208,5,29291.852661064426,25631.65266106443
20200209,6,28242.638172920066,25158.238172920064
20200210,0,31432.370503597125,28286.870503597125
20200211,1,31879.33018699911,28660.73018699911
20200212,2,31889.246973572037,28541.346973572035
20200213,3,32334.01362007168,29087.813620071684
20200214,4,32314.054205607477,29190.65420560748
20200215,5,30761.423632993516,27765.523632993514
20200216,6,29047.164150943398,25062.264150943396
20200217,0,32039.896296296298,28296.296296296296
20200218,1,32671.94247491639,28422.74247491639
20200219,2,31936.211464968153,28372.61146496815
20200220,3,31755.81444241316,28624.314442413164
20200221,4,31664.26363636364,28526.363636363636
20200222,5,29717.123033309712,26042.52303330971
20200223,6,28803.943163538876,25064.343163538873
20200224,0,31846.70689655173,28836.206896551725
20200225,1,32322.330841121497,29198.130841121496
20200226,2,32624.374418604653,29457.674418604653
20200227,3,32627.549499666442,28374.249499666443
20200228,4,29639.046832397755,26352.846832397754
20200229,5,28481.505855443735,25675.20585544373
20200301,6,28304.598645598195,24984.198645598197
20200302,0,31851.725823223573,28556.32582322357
20200303,1,32298.76917293233,29192.66917293233
20200304,2,32623.023348694318,28864.823348694317
20200305,3,32117.799999999996,28600.0
20200306,4,31737.44995507637,28558.84995507637
20200307,5,29888.909873060653,26177.009873060648
20200308,6,28934.475794251135,25555.975794251135
20200309,0,32863.96802218114,29655.268022181146
20200310,1,32517.27818181818,28586.618181818183
20200311,2,31780.654513584574,28525.854513584574
20200312,3,32343.830987292276,29342.130987292276
20200313,4,32270.416384180793,29172.316384180795
20200314,5,29622.733041132844,25797.03304113284
20200315,6,28330.84907539118,24838.54907539118
20200316,0,32811.38919860627,27991.289198606275
20200317,1,32898.63122831367,28755.03122831367
20200318,2,33277.223422159885,29124.12342215989
20200319,3,32471.214285714286,29385.714285714286
20200320,4,32741.50125588697,29041.60125588697
20200321,5,29650.411463844794,26630.511463844796
20200322,6,29172.221470836856,26086.221470836856
20200323,0,33141.91651090342,29370.71651090343
20200324,1,33591.728571428575,29466.428571428572
20200325,2,33607.76633081444,30031.066330814443
20200326,3,34042.09186834463,30854.791868344626
20200327,4,34532.59923371648,31268.199233716477
20200328,5,29964.826114649688,25898.726114649682
20200329,6,28633.271757925068,25143.37175792507
20200330,0,32216.874304418983,28708.674304418983
20200331,1,32484.02317822651,29162.423178226512
20200401,2,32373.014917127075,28278.31491712707
20200402,3,29545.25170278638,25437.15170278638
20200403,4,28875.575603217156,25126.675603217158
20200404,5,28654.727182866554,24240.527182866557
20200405,6,28600.589398280805,24351.289398280802
20200406,0,32307.261672473865,28252.96167247387
20200407,1,32150.60974930362,28113.509749303623
20200408,2,31606.35323257766,28242.653232577664
20200409,3,31971.176923076924,28293.076923076922
20200410,4,33127.33612982242,28477.036129822416
20200411,5,28938.929659643436,25760.129659643437
20200412,6,27407.173555166377,24598.073555166375
20200413,0,30942.5377593361,27614.9377593361
20200414,1,31441.616744913932,27878.71674491393
20200415,2,31674.076390008056,28177.276390008057
20200416,3,31673.94555353902,28529.945553539023
20200417,4,32596.048594377513,28987.14859437751
20200418,5,30139.47853323148,26650.878533231476
20200419,6,29537.032224168124,26509.632224168126
20200420,0,34084.50175953079,29993.401759530792
20200421,1,34366.789787525704,29991.089787525703
20200422,2,32616.415602836878,28585.81560283688
20200423,3,31989.39318181818,28041.19318181818
20200424,4,31631.43071528752,27683.73071528752
20200425,5,28826.04343598055,25659.64343598055
20200426,6,28222.372164119064,25102.172164119067
20200427,0,32525.646948003017,28715.146948003014
20200428,1,33637.68678196418,28950.58678196417
20200429,2,32875.26751985878,29529.56751985878
20200430,3,34471.21679853926,29606.816798539257
20200501,4,30300.710907704044,26788.710907704044
20200502,5,29876.490697674417,26462.790697674416
20200503,6,29789.384810126583,26822.78481012658
20200504,0,35805.73255813954,32330.232558139534
20200505,1,36729.01176470588,33329.41176470588
20200506,2,36403.200866217514,32976.90086621752
20200507,3,36245.99089643168,32510.53089643168
20200508,4,37215.70767326733,33801.732673267325
20200509,5,33533.045559440565,29709.44055944056
20200510,6,32429.096341463413,29414.146341463416
20200511,0,36555.22629335975,33204.856293359764
20200512,1,35731.56823089984,31965.97623089983
20200513,2,36473.21744043044,32274.32744043044
20200514,3,36833.37422354105,33451.43422354105
20200515,4,37408.28059701492,33786.380597014926
20200516,5,33983.05414916286,30036.28614916286
20200517,6,32933.301978349125,28692.54397834912
20200518,0,36899.4062248996,32814.0562248996
20200519,1,35965.75289972899,31339.972899728997
20200520,2,36462.71786123488,31512.157861234882
20200521,3,35544.54969889065,31561.48969889065
20200522,4,34558.575378151254,30883.44537815126
20200523,5,30954.429933774838,26893.509933774836
20200524,6,31194.478908406527,26905.708908406526
20200525,0,36387.09057613168,32445.020576131687
20200526,1,36461.893134810714,32898.93813481071
20200527,2,36368.098992989166,31435.818992989167
20200528,3,36783.63846015577,31522.52846015578
20200529,4,36653.634257347105,32554.964257347103
20200530,5,32702.9003133515,28516.6553133515
20200531,6,32202.82046979866,28773.07046979866
20200601,0,37300.85728915662,33668.072289156626
20200602,1,38453.170743243245,34382.30574324325
20200603,2,38649.293993372,34486.743993371994
20200604,3,38673.07581395349,34919.25581395349
20200605,4,38556.75303030303,34874.05303030303
20200606,5,34984.442567077596,30744.742567077596
20200607,6,32653.91289522629,28118.412895226287
20200608,0,36945.958409893996,32366.14840989399
20200609,1,36883.85878136201,32368.45878136201
20200610,2,38143.70144624903,33776.41144624903
20200611,3,38195.12957081545,34209.69957081545
20200612,4,38609.891328125,35023.486328125
20200613,5,35319.45051550712,31554.945515507126
20200614,6,34397.15369210698,29824.98369210698
20200615,0,40132.78185495118,35099.51185495118
20200616,1,39708.4815971606,35686.6015971606
20200617,2,40147.436109190174,36172.120109190175
20200618,3,40170.040772532186,35978.540772532186
20200619,4,40185.853151458134,36324.55315145814
20200620,5,38980.66944284342,35305.37944284342
20200621,6,35096.424174228676,31612.704174228675
20200622,0,40479.676308277834,36629.87630827783
20200623,1,40598.68954056696,36830.88954056696
20200624,2,41271.06089626934,37184.48589626933
20200625,3,35223.02995758718,31844.344957587182
20200626,4,34269.41926184926,30361.849261849264
20200627,5,34088.46104377104,30468.77104377104
20200628,6,34517.132515952595,31104.922515952596
20200629,0,40368.97420289855,36355.34420289855
20200630,1,41319.477103393845,36673.007103393844
20200701,2,40364.48638863841,36334.94138863841
20200702,3,40291.1657073955,35833.4807073955
20200703,4,39928.08205372617,35797.097053726175
20200704,5,36211.15502233805,31923.79002233805
20200705,6,34698.270669362086,31223.135669362084
20200706,0,40892.93398426323,35877.28898426323
20200707,1,40937.77277777778,36327.77777777778
20200708,2,41421.73687016337,37106.27687016337
20200709,3,41061.657983193276,36694.95798319328
20200710,4,41208.26829268292,36829.26829268292
20200711,5,36602.0139955157,32930.28699551569
20200712,6,35735.53926739927,32217.39926739927
20200713,0,41496.6261756374,37522.94617563739
20200714,1,41725.66044315991,37801.83044315992
20200715,2,40976.5148908297,36766.7248908297
20200716,3,40992.227740113,35907.69774011299
20200717,4,41138.783994800695,36882.5389948007
20200718,5,37509.18523809524,33188.09523809524
20200719,6,35960.91176946801,31832.266769468002
20200720,0,41775.57456063268,37507.249560632685
20200721,1,41958.405,36825.0
20200722,2,41623.17525394046,37357.00525394046
20200723,3,41869.91998023716,38022.08498023716
20200724,4,41698.35724749773,37569.472247497724
20200725,5,37543.4336013986,32846.3986013986
20200726,6,35274.17238341969,30556.28238341969
20200727,0,41322.04380032206,36756.84380032206
20200728,1,40863.67910184442,36332.959101844426
20200729,2,41184.275033758444,36340.13503375844
20200730,3,41055.13765971316,35594.88265971317
20200731,4,40441.66903508772,36303.11403508772
20200801,5,36800.072839016655,32679.222839016657
20200802,6,34560.24248587571,30750.282485875705
20200803,0,38604.80760495527,33707.15760495527
20200804,1,38391.10569194684,34037.685691946834
20200805,2,39765.12580645161,35378.22580645161
20200806,3,40444.847891737896,36591.737891737896
20200807,4,40546.23707224335,36686.78707224335
20200808,5,36241.99494983277,32370.484949832775
20200809,6,34342.19421309873,31155.034213098726
20200810,0,40148.39514173998,36422.38514173998
20200811,1,39538.30087409783,35154.530874097836
20200812,2,40798.66588537211,36528.485885372116
20200813,3,40959.18865729899,36308.11865729898
20200814,4,40968.58460272011,35946.814602720115
20200815,5,36154.83814908402,31213.708149084017
20200816,6,34348.29639871382,29725.916398713824
20200817,0,40124.92255813954,35540.232558139534
20200818,1,40502.45397260274,36266.52397260274
20200819,2,40859.63977055449,36990.43977055449
20200820,3,41192.840083963056,36808.90008396305
20200821,4,40681.06979027645,36818.77979027645
20200822,5,34374.90478577939,30976.754785779398
20200823,6,33541.043669724764,30244.40366972477
20200824,0,40163.204244817374,36468.90424481737
20200825,1,40900.2559143969,37087.64591439689
20200826,2,39607.1120754717,35811.1320754717
20200827,3,39665.24369397218,35120.63369397218
20200828,4,39407.821842105266,35135.36184210526
20200829,5,35319.0223880597,31145.5223880597
20200830,6,34757.93237237237,30672.37237237237
20200831,0,39907.29603281133,35188.516032811334
20200901,1,39908.33417721519,35429.984177215185
20200902,2,40364.200377358495,36495.660377358494
20200903,3,40289.14508554572,35478.28908554572
20200904,4,40837.97328212704,35967.91728212703
20200905,5,34687.64803921569,30765.098039215685
20200906,6,31799.367397260277,27926.027397260277
20200907,0,38312.26762645915,33949.72762645914
20200908,1,39274.45021978022,35119.78021978022
20200909,2,39541.544961896696,35364.9449618967
20200910,3,39683.80932556203,35428.80932556203
20200911,4,39693.71868352223,35609.32868352223
20200912,5,34680.65980573543,31297.409805735428
20200913,6,33061.44280039723,30036.74280039722
20200914,0,39369.19495685523,35650.814956855225
20200915,1,40031.47274853801,36306.43274853801
20200916,2,40262.43851272015,36529.158512720154
20200917,3,40562.3021958457,36837.982195845696
20200918,4,40614.14429277943,36885.064292779425
20200919,5,35803.785612144944,32486.87561214495
20200920,6,33410.060060790274,29524.620060790272
20200921,0,38967.5044494721,34405.3544494721
20200922,1,39364.053754175024,34238.54375417502
20200923,2,39455.043488372095,34682.70348837209
20200924,3,38959.67133867982,33525.23133867983
20200925,4,37279.39572815534,32004.97572815534
20200926,5,35647.21199726403,31100.341997264022
20200927,6,31302.917443249702,26814.217443249705
20200928,0,35665.96049180328,31111.270491803276
20200929,1,36001.04618479881,31741.35618479881
20200930,2,36007.99651162792,30723.54651162791
20201001,3,31038.248181818177,26393.06818181818
20201002,4,30535.75860719875,27075.50860719875
20201003,5,30956.590805801774,27539.000805801774
20201004,6,31870.228897637797,28278.818897637797
20201005,0,37051.6123495702,32512.822349570197
20201006,1,36137.293641835975,31898.043641835968
20201007,2,35397.96893129771,31297.93893129771
20201008,3,35533.17944480731,30815.349444807314
20201009,4,31795.400510204083,27485.650510204083
20201010,5,30689.60808811305,27394.098088113053
20201011,6,30510.83177619894,27423.001776198937
20201012,0,36408.964267453295,33047.98426745329
20201013,1,36849.16136801541,33383.91136801541
20201014,2,36792.77386195563,32800.90386195563
20201015,3,36613.933255620315,32688.093255620315
20201016,4,36678.2934083045,32877.6384083045
20201017,5,32102.2039307745,28014.838930774502
20201018,6,30516.14771043771,26570.437710437713
20201019,0,35549.00210199862,31044.45210199862
20201020,1,35868.187585693,31624.217585692997
20201021,2,35692.0831702544,32382.583170254402
20201022,3,35532.319080459776,31190.58908045977
20201023,4,33694.21557863501,29691.765578635015
20201024,5,30679.378898830008,26787.198898830007
20201025,6,30144.21575275795,26119.24075275795
20201026,0,34581.66944986691,31079.059449866905
20201027,1,35071.378621973934,31670.01862197393
20201028,2,35416.19716390423,31946.777163904237
20201029,3,34970.9162984823,31263.111298482294
20201030,4,34476.256701363964,30260.911701363962
20201031,5,30476.731043165462,26757.446043165466
20201101,6,29694.174238653,26125.439238653
20201102,0,33951.68380829015,30428.108808290155
20201103,1,33160.64853383458,29971.663533834584
20201104,2,33346.197818791945,29794.672818791947
20201105,3,33656.904186471664,30337.934186471666
20201106,4,35064.59289278752,31801.734892787525
20201107,5,31406.696871252207,28207.918871252205
20201108,6,29549.456881930855,25621.656881930856
20201109,0,33455.04401007919,29374.87401007919
20201110,1,33407.554916943525,29817.524916943523
20201111,2,33324.25392971246,29616.29392971246
20201112,3,33580.52904761905,30389.619047619046
20201113,4,33564.283178155776,30191.853178155776
20201114,5,30512.025439870864,27148.345439870864
20201115,6,29556.29993217784,26093.669932177847
20201116,0,34121.30102362205,30974.311023622045
20201117,1,34595.88549019608,31393.72549019608
20201118,2,35189.070303030305,31828.0303030303
20201119,3,35394.782526621486,32080.83252662149
20201120,4,35655.204411247796,32012.2144112478
20201121,5,31609.005190989225,28680.705190989225
20201122,6,29659.001428015566,26894.270428015563
20201123,0,33973.59041176471,30829.029411764706
20201124,1,34071.373622902276,30937.41362290227
20201125,2,34792.76666666666,31486.666666666668
20201126,3,34557.31711288711,31412.887112887114
20201127,4,33675.86537132988,30180.91537132988
20201128,5,29820.001893597837,26843.101893597835
20201129,6,28534.425023041476,25247.235023041474
20201130,0,32441.24350877193,29121.403508771928
20201201,1,32803.30474885845,29565.84474885845
20201202,2,32595.818527131778,29546.608527131782
20201203,3,32473.798187789085,29305.837187789086
20201204,4,32459.122428571427,29374.771428571425
20201205,5,30265.389941089838,26646.759941089837
20201206,6,28289.718820171263,25599.238820171267
20201207,0,32827.536794258376,29721.626794258376
20201208,1,33041.24268177526,29877.24268177526
20201209,2,33221.226504381695,30127.166504381694
20201210,3,33283.4202739726,30197.260273972603
20201211,4,33042.95793499044,29913.957934990438
20201212,5,29951.370909829413,26668.480909829406
20201213,6,28278.341223021584,25448.471223021585
20201214,0,32641.240000000005,29620.000000000004
20201215,1,32716.044254437867,29704.053254437866
20201216,2,32809.446015779096,29788.856015779093
20201217,3,32883.43733067729,29883.167330677294
20201218,4,32863.2469667319,29816.046966731898
20201219,5,29795.406953467955,26748.726953467954
20201220,6,29381.59243093922,25665.262430939227
20201221,0,32730.90115830116,29658.30115830116
20201222,1,33094.54093457944,29895.70093457944
20201223,2,33384.78290640394,30308.47290640394
20201224,3,33407.74658213985,29863.007582139853
20201225,4,32706.4875664096,29288.5175664096
20201226,5,29796.11564952049,26730.165649520488
20201227,6,28854.25695652174,25985.46195652174
20201228,0,32625.536328316084,29490.677328316087
20201229,1,33124.91048543689,30031.65048543689
20201230,2,32199.586268656716,29081.996268656716
20201231,3,31591.79223083859,28438.01623083859
20210101,4,28458.736304549675,25691.736304549675
20210102,5,28422.111111111113,25486.111111111113
20210103,6,28515.18791946309,25478.18791946309
20210104,0,32757.490196078434,29725.490196078434
20210105,1,33106.17727717923,30039.177277179235
20210106,2,33424.58064516129,30322.580645161288
20210107,3,33603.474926253686,30501.474926253686
20210108,4,33516.36141038197,30411.361410381975
20210109,5,31265.10254163015,28063.10254163015
20210110,6,30166.78799249531,27260.78799249531
20210111,0,33777.52380952381,30684.52380952381
20210112,1,33755.13470993117,30639.13470993117
20210113,2,33114.0,29999.999999999996
20210114,3,33160.7631831256,30028.7631831256
20210115,4,32863.571428571435,29553.57142857143
20210116,5,30169.77560106857,27123.775601068566
20210117,6,29751.549295774646,26716.54929577465
20210118,0,33081.17061611374,29924.17061611374
20210119,1,33159.0,30000.000000000004
20210120,2,33139.47619047619,29990.47619047619
20210121,3,33359.71428571428,30285.714285714286
20210122,4,33194.18172983479,30097.181729834792
20210123,5,30416.254035683945,27213.25403568394
20210124,6,28788.48117154812,25715.48117154812
20210125,0,33068.45305378304,29799.453053783043
20210126,1,33163.186046511626,29944.18604651163
20210127,2,32639.28957528958,29575.28957528958
20210128,3,32836.359712230216,29550.359712230216
20210129,4,32480.87934186472,29277.87934186472
20210130,5,30105.93271461717,26658.93271461717
20210131,6,28374.886941279583,25468.88694127958
20210201,0,31969.620553359688,29031.620553359688
20210202,1,32781.328125,29736.328125
20210203,2,32621.76354679803,29615.76354679803
20210204,3,32791.09090909091,29659.090909090908
20210205,4,32342.296650717704,29282.296650717704
20210206,5,29750.07310704961,26684.073107049608
20210207,6,28682.324577861164,25919.324577861164
20210208,0,30949.9304029304,27902.930402930404
20210209,1,28990.607434270172,26110.607434270172
20210210,2,27259.30801687764,24371.30801687764
20210211,3,24965.8125,22132.8125
20210212,4,24911.413919413917,21919.413919413917
20210213,5,24984.78431372549,21960.78431372549
20210214,6,25355.101773323055,22444.10177332305
20210215,0,26114.38775510204,23469.38775510204
20210216,1,27709.81893004115,24707.81893004115
20210217,2,30701.591312931883,27877.591312931883
20210218,3,31434.96859666339,28527.968596663395
20210219,4,31506.031746031746,28621.031746031746
20210220,5,30369.106813996317,27394.106813996317
20210221,6,28392.419147224457,25253.419147224457
20210222,0,32350.4931237721,29361.493123772103
20210223,1,33032.00288739172,29923.00288739172
20210224,2,33088.40886699507,30039.408866995072
20210225,3,33108.44389275074,30079.443892750744
20210226,4,32767.29521016618,29726.295210166176
20210227,5,29226.33013435701,26468.330134357006
20210228,6,27690.7265917603,25018.7265917603
20210301,0,29398.604127579732,26566.604127579736
20210302,1,32636.525114155258,29415.525114155254
20210303,2,32756.467181467182,29681.467181467182
20210304,3,32866.206364513026,29778.206364513022
20210305,4,33140.02925045704,29872.02925045704
20210306,5,29724.385796545106,26919.385796545106
20210307,6,28543.940018744142,25791.940018744142
20210308,0,32870.76555023924,29760.765550239237
20210309,1,32989.06090373281,29941.06090373281
20210310,2,32947.36790606653,29892.367906066534
20210311,3,33125.828125,30048.828125
20210312,4,33207.956084172,29935.956084172005
20210313,5,29860.714285714283,26785.714285714286
20210314,6,28571.11188811189,25638.11188811189
20210315,0,33152.27788649706,30078.277886497064
20210316,1,33772.8846918489,30685.884691848903
20210317,2,33906.938223938225,30723.938223938225
20210318,3,33940.577437858505,30726.577437858505
20210319,4,34012.984251968504,30875.984251968504
20210320,5,30590.710654936454,27751.71065493646
20210321,6,28879.548387096773,25693.548387096773
20210322,0,32829.14233241505,29605.142332415056
20210323,1,33259.689075630245,29722.689075630253
20210324,2,33108.11591355599,30049.115913555994
20210325,3,33126.01459854014,29854.014598540143
20210326,4,33196.88321167883,29917.88321167883
20210327,5,30881.66089965398,27681.660899653976
20210328,6,29772.725850965962,26853.725850965962
20210329,0,34644.89713155292,31463.89713155292
20210330,1,35305.22200392927,32043.222003929273
20210331,2,35326.41550695825,32097.41550695825
20210401,3,35481.070110701105,32011.07011070111
20210402,4,32257.605893186006,29097.605893186006
20210403,5,30697.14466546112,27640.14466546112
20210404,6,28217.25189553496,25223.251895534962
20210405,0,28943.780399274052,26070.78039927405
20210406,1,33033.24603914259,29832.24603914259
20210407,2,33145.7108655617,29898.710865561698
20210408,3,33389.24087591241,30091.24087591241
20210409,4,32696.766758494032,29485.76675849403
20210410,5,29978.750455373407,27012.750455373403
20210411,6,29464.822429906544,26616.822429906544
20210412,0,34351.74441205054,31146.74441205054
20210413,1,34828.66336633664,31633.663366336634
20210414,2,33840.48722800378,30605.487228003785
20210415,3,33906.56459330144,30698.56459330144
20210416,4,33975.586334256695,30655.586334256695
20210417,5,30445.141491395792,27562.141491395792
20210418,6,28985.26277372263,26122.262773722625
20210419,0,33847.21890547263,30756.218905472633
20210420,1,34539.53606237817,31325.536062378167
20210421,2,35174.58687258687,31872.586872586875
20210422,3,36036.74476570289,32751.744765702893
20210423,4,35464.094412331404,32129.094412331404
20210424,5,31401.54752851711,28412.547528517112
20210425,6,29447.007292616225,26536.007292616225
20210426,0,34520.23310479922,31322.233104799216
20210427,1,35229.02742230347,31755.027422303476
20210428,2,34669.99403578528,31500.994035785287
20210429,3,33506.81576535288,30210.815765352887
20210430,4,31451.686165273914,28393.68616527391
20210501,5,30168.768211920527,27284.768211920527
20210502,6,30193.664226898443,27218.664226898447
20210503,0,35002.17288801572,31768.172888015717
20210504,1,36398.34808259587,33038.34808259587
20210505,2,36253.799086757994,32675.799086757994
20210506,3,36527.97709923664,33062.97709923664
20210507,4,37706.5325558795,34188.532555879494
20210508,5,33653.94398530762,30348.94398530762
20210509,6,32198.968565815325,29223.968565815325
20210510,0,38603.74576271187,35084.745762711864
20210511,1,39612.99401794616,36001.99401794616
20210512,2,40322.346653346656,36653.346653346656
20210513,3,40391.8703888335,36709.8703888335
20210514,4,40417.170731707316,37073.170731707316
20210515,5,37456.66118102613,33949.66118102614
20210516,6,35749.57212953876,32443.572129538767
20210517,0,38858.87499999999,37421.875
20210518,1,40384.15662650602,37289.15662650602
20210519,2,40477.91122715404,37597.91122715404
20210520,3,40033.55685131195,37463.55685131195
20210521,4,40555.20261437908,37673.202614379086
20210522,5,37539.82745825603,33886.82745825603
20210523,6,34347.00429184549,32103.004291845493
20210524,0,40178.864013267,37893.864013267
20210525,1,40090.333333333336,37293.333333333336
20210526,2,39526.41368584759,37138.41368584759
20210527,3,40519.987951807234,37996.987951807234
20210528,4,40708.83828382839,38382.83828382839
20210529,5,36472.64984227129,31482.649842271294
20210530,6,32161.844690966722,28557.844690966722
20210531,0,37715.61386138614,33638.61386138614
20210601,1,37648.124401913876,34086.124401913876
20210602,2,39668.78533094812,35679.78533094812
20210603,3,40398.22928709056,36599.22928709056
20210604,4,40183.92563600783,36457.92563600783
20210605,5,34032.21477015825,30045.214770158254
20210606,6,31349.769644056414,27286.769644056414
20210607,0,37449.96573875803,32847.96573875803
20210608,1,38631.87903970452,34856.87903970452
20210609,2,39238.90974729242,35324.90974729242
20210610,3,39532.442748091606,35782.4427480916
20210611,4,39014.57036114571,36114.57036114571
20210612,5,36226.82788671024,33180.82788671024
20210613,6,34024.87155963302,31295.871559633026
20210614,0,35361.23529411765,32088.23529411765
20210615,1,40952.380952380954,37202.380952380954
20210616,2,40497.17821782178,36782.17821782178
20210617,3,41745.957467853616,37912.957467853616
20210618,4,41947.009900990095,38099.0099009901
20210619,5,38511.714801444046,33826.714801444046
20210620,6,35929.700305810395,31773.7003058104
20210621,0,39960.729241877256,35974.729241877256
20210622,1,39088.50544015826,35499.50544015826
20210623,2,37705.15944540728,33804.159445407284
20210624,3,38512.443804034585,33818.44380403458
20210625,4,39217.15884476534,33628.15884476534
20210626,5,34926.68421052632,30723.684210526317
20210627,6,34572.100840336134,30252.100840336137
20210628,0,39834.505915100905,34829.505915100905
20210629,1,40542.347129506015,35260.34712950601
20210630,2,42118.563065781535,36131.563065781535
20210701,3,42884.63758389262,36845.63758389262
20210702,4,42138.704730831974,37536.704730831974
20210703,5,38096.49180327869,33770.49180327869
20210704,6,36190.50034989503,31665.500349895032
20210705,0,39649.56013179572,37380.56013179571
20210706,1,41366.74809160305,37442.748091603054
20210707,2,41524.91857000993,37725.918570009926
20210708,3,41779.05189620759,37974.05189620759
20210709,4,42018.23738872404,38160.23738872404
20210710,5,38362.223934723486,34551.223934723486
20210711,6,35564.61611374407,32170.616113744072
20210712,0,41655.841234840125,38191.84123484013
20210713,1,41474.15053763441,38602.15053763441
20210714,2,41821.10703666997,37988.10703666997
20210715,3,41800.193973634654,37787.193973634654
20210716,4,41779.32624113475,37544.32624113475
20210717,5,38020.66694146743,33907.66694146743
20210718,6,36111.829545454544,31654.829545454544
20210719,0,41883.03464203233,38545.03464203233
20210720,1,42041.12030075188,37998.12030075188
20210721,2,42803.88002726653,37327.88002726653
20210722,3,41886.48648648648,36486.48648648649
20210723,4,41422.85461441213,35764.854614412136
20210724,5,35357.1169383416,30985.1169383416
20210725,6,35490.336996337,31996.336996336995
20210726,0,42644.582278481015,38126.582278481015
20210727,1,42789.72468043264,38839.72468043264
20210728,2,41669.94267515924,38636.94267515924
20210729,3,41983.253731343284,38149.253731343284
20210730,4,40866.81642512078,37033.81642512077
20210731,5,36626.981873111785,31425.98187311178
20210801,6,35536.28806133625,30049.28806133625
20210802,0,39201.09984639017,34685.09984639017
20210803,1,41021.92522179975,35430.92522179975
20210804,2,40483.79103282626,35988.79103282626
20210805,3,39857.77205308353,35331.77205308353
20210806,4,38582.82723279649,33945.82723279649
20210807,5,33127.11917098446,29689.119170984457
20210808,6,34229.20474777448,30163.204747774478
20210809,0,40004.65166908564,35159.65166908563
20210810,1,41197.963676797626,36300.963676797626
20210811,2,42452.41147741148,36477.41147741148
20210812,3,42678.3950617284,36728.3950617284
20210813,4,41875.42231075698,36394.42231075697
20210814,5,37952.09234507898,32588.092345078978
20210815,6,34525.7807486631,31042.7807486631
20210816,0,41407.44769874477,36987.44769874477
20210817,1,42101.15450643777,37708.154506437764
20210818,2,41128.95366470093,36764.95366470093
20210819,3,42445.467532467526,37532.46753246753
20210820,4,42375.186317321684,37256.186317321684
20210821,5,38324.65248226951,33588.65248226951
20210822,6,35409.10155610155,31556.101556101556
20210823,0,42174.13053988719,37518.130539887185
20210824,1,41880.24072312084,37897.240723120834
20210825,2,42422.27555988316,38471.27555988316
20210826,3,42448.08291032149,37961.082910321486
20210827,4,42578.05524861878,37790.05524861879
20210828,5,39635.79137153895,34307.79137153896
20210829,6,37016.25414364641,32334.25414364641
20210830,0,40978.39424031778,37229.39424031777
20210831,1,42176.25444702243,37347.25444702243
20210901,2,41584.29411764706,37735.29411764706
20210902,3,42061.508414526135,37794.508414526135
20210903,4,41815.56720686368,37845.56720686368
20210904,5,38215.93307593308,33075.93307593308
20210905,6,36097.208707671045,31534.20870767104
20210906,0,41655.37354085603,37772.37354085603
20210907,1,42119.89243027889,38276.89243027889
20210908,2,42344.546360917244,38484.54636091725
20210909,3,42082.03913894325,38180.03913894325
20210910,4,42025.15709261431,38722.1570926143
20210911,5,40442.60612043435,36722.60612043435
20210912,6,33918.44776119403,29910.447761194027
20210913,0,40509.48903717827,36663.48903717827
20210914,1,42015.692307692305,38057.692307692305
20210915,2,42199.589390962676,38300.589390962676
20210916,3,42368.13178294574,37527.13178294573
20210917,4,42113.741935483864,37467.74193548387
20210918,5,38300.52046783626,33691.52046783626
20210919,6,34432.76190476191,31279.761904761905
20210920,0,38125.99548328816,31214.995483288167
20210921,1,38014.73320537428,31458.73320537428
20210922,2,41721.667328699106,37904.667328699106
20210923,3,41201.043742405825,38068.04374240583
20210924,4,42196.20406435224,37739.20406435224
20210925,5,38983.22012578616,33635.22012578616
20210926,6,34577.52394916911,31368.52394916911
20210927,0,41577.74111675127,37182.74111675127
20210928,1,42236.42105263157,36968.42105263158
20210929,2,42011.073676132,37168.07367613201
20210930,3,42440.571428571435,37228.571428571435
20211001,4,40484.0481786134,37309.0481786134
20211002,5,38792.69230769231,33557.692307692305
20211003,6,34317.0,31000.000000000004
20211004,0,41278.47752247752,37522.47752247752
20211005,1,40381.864406779656,37711.86440677966
20211006,2,39919.89176090468,37592.891760904684
20211007,3,39337.33333333333,37708.33333333333
20211008,4,39460.490872210954,37606.490872210954
20211009,5,38545.80831708902,33404.80831708902
20211010,6,34558.80814940577,30916.808149405773
20211011,0,33439.4716981132,30825.471698113204
20211012,1,38450.565809379725,36066.565809379725
20211013,2,37901.67032967033,35329.67032967033
20211014,3,37743.94316807739,34860.94316807739
20211015,4,39134.00258732212,36326.00258732212
20211016,5,38041.50200114351,32378.50200114351
20211017,6,33860.30830204422,27313.308302044225
20211018,0,37978.08695652174,32076.08695652174
20211019,1,38271.50565812984,32769.50565812984
20211020,2,38319.21244209133,33289.21244209133
20211021,3,38848.25638240087,32808.25638240087
20211022,4,35140.98717948718,31241.98717948718
20211023,5,33203.09744214373,28520.097442143724
20211024,6,31977.000000000004,26928.0
20211025,0,35727.952978056426,31684.952978056426
20211026,1,35789.435754189944,32318.435754189944
20211027,2,36216.9801980198,32301.980198019803
20211028,3,38642.39682539683,31825.396825396823
20211029,4,36677.16464471405,31265.16464471404
20211030,5,31936.081300813006,28130.08130081301
20211031,6,31680.939393939392,27193.939393939392
20211101,0,34996.96229971725,31639.96229971725
20211102,1,34761.29773462783,31812.297734627835
20211103,2,36312.87022900763,32106.870229007636
20211104,3,36213.16709732989,32446.16709732989
20211105,4,36127.6926713948,33309.6926713948
20211106,5,35350.8470780994,29879.847078099403
20211107,6,30855.334792122536,28271.334792122532
20211108,0,36620.91705069125,31203.917050691245
20211109,1,34161.295208655334,30247.295208655334
20211110,2,33815.825838103025,30130.825838103025
20211111,3,34084.27272727273,30227.272727272728
20211112,4,34270.45631067961,29951.456310679612
20211113,5,32407.666666666664,27290.666666666668
20211114,6,30897.114470842334,26069.114470842334
20211115,0,34249.694158075596,30678.6941580756
20211116,1,35091.0,31192.0
20211117,2,35300.54278728607,31442.542787286064
20211118,3,34747.58844765343,31281.58844765343
20211119,4,37044.65934065934,31340.659340659342
20211120,5,32375.38674033149,28280.38674033149
20211121,6,31363.469061876247,27265.469061876247
20211122,0,36933.83754015603,30325.837540156037
20211123,1,34245.58083832335,30209.580838323356
20211124,2,34316.77426992897,30457.774269928967
20211125,3,34718.86082877248,30781.860828772482
20211126,4,34266.12177121772,30177.12177121771
20211127,5,31416.450222882613,27689.450222882613
20211128,6,30145.730948678072,26710.730948678072
20211129,0,33860.443946188345,31087.44394618834
20211130,1,34455.328267477205,30448.3282674772
20211201,2,34392.28028814669,29836.280288146692
20211202,3,33978.85319652723,30157.85319652723
20211203,4,34638.44563918757,29671.44563918758
20211204,5,31522.294478527605,27104.294478527605
20211205,6,29813.921852387844,26193.921852387844
20211206,0,33983.08280254777,30191.08280254777
20211207,1,33096.591054313096,30255.591054313096
20211208,2,34528.510349750184,30285.51034975018
20211209,3,34118.55924170616,30862.55924170616
20211210,4,33944.43669250646,30413.43669250646
20211211,5,31080.98640611725,27807.98640611725
20211212,6,30719.29483459083,26204.29483459083
20211213,0,34327.444444444445,30244.444444444445
20211214,1,33795.967741935485,30745.967741935485
20211215,2,33666.39215686275,30980.392156862745
20211216,3,33893.25243770314,31029.25243770314
20211217,4,36579.76811594203,29963.76811594203
20211218,5,31224.843828715366,26945.843828715362
20211219,6,29516.2800608828,26088.2800608828
20211220,0,33009.816091954024,30367.816091954024
20211221,1,33603.13856068743,30741.138560687432
20211222,2,33811.527162977865,30754.52716297787
20211223,3,33447.32778489117,31024.327784891168
20211224,4,33398.33333333333,30208.333333333332
20211225,5,30328.1654676259,27293.165467625902
20211226,6,30010.39534883721,26581.39534883721
20211227,0,34057.38906752412,30289.389067524116
20211228,1,33234.5668202765,29981.566820276497
20211229,2,32732.373134328354,29925.373134328354
20211230,3,33413.82349037823,29037.823490378236
20211231,4,30371.44444444444,26444.444444444445
20220101,5,29007.0,25661.0
20220102,6,29556.0,25915.0
20220103,0,33160.0,29976.0
20220104,1,32950.0,30330.0
20220105,2,32961.0,30449.0
20220106,3,33485.0,30276.0
20220107,4,32972.0,29962.0
20220108,5,30503.0,27356.0
20220109,6,29720.0,26562.0
20220110,0,32696.0,30205.0
20220111,1,32878.0,30464.0
20220112,2,32426.0,30206.0
20220113,3,32642.0,30167.0
20220114,4,32524.0,29843.0
20220115,5,30085.0,27792.0
20220116,6,30222.0,26793.0
20220117,0,33302.0,30586.0
20220118,1,33034.0,30609.0
20220119,2,33319.0,30317.0
20220120,3,33281.0,30620.0
20220121,4,32922.0,30743.0
20220122,5,32518.0,29486.0
20220123,6,29462.0,27161.0
20220124,0,33477.0,30310.0
20220125,1,32970.0,30007.0
20220126,2,32599.0,30050.0
20220127,3,32870.0,29406.0
20220128,4,32353.0,27653.0
20220129,5,29565.0,26219.0
20220130,6,28194.0,25107.0
20220131,0,26232.0,23121.0
20220201,1,27302.0,22881.0
20220202,2,26200.0,22967.0
20220203,3,27091.0,23955.0
20220204,4,28268.0,24691.0
20220205,5,28246.0,25315.0
20220206,6,28991.0,25883.0
20220207,0,32739.0,29753.0
20220208,1,33384.0,29989.0
20220209,2,33102.0,30269.0
20220210,3,33351.0,30379.0
20220211,4,33508.0,30165.0
20220212,5,30938.0,28017.0
20220213,6,30795.0,27038.0
20220214,0,33538.0,30572.0
20220215,1,33475.0,30598.0
20220216,2,34156.0,30491.0
20220217,3,33843.0,30800.0
20220218,4,33809.0,30625.0
20220219,5,31380.0,28391.0
20220220,6,31406.0,28434.0
20220221,0,33367.0,31361.0
20220222,1,33580.0,30977.0
20220223,2,33885.0,31318.0
20220224,3,33609.0,31098.0
20220225,4,33527.0,30121.0
20220226,5,31259.0,27822.0
20220227,6,29926.0,26196.0
20220228,0,31464.0,27337.0
